rank,name
1,大岡山
2,自由が丘
3,代々木上原
4,二子玉川
5,成城学園前
6,広尾
7,白金高輪
8,恵比寿
9,目黒
10,本駒込
11,駒込
12,茗荷谷
13,神楽坂
14,麻布十番
15,代官山
16,中目黒
17,学芸大学
18,田園調布
19,奥沢
20,尾山台
21,上野毛
22,代々木公園
23,千駄ヶ谷
24,市ヶ谷
25,四ツ谷
26,松濤(神泉)
27,西麻布(六本木)
28,南青山(表参道)
29,駒沢大学
30,三軒茶屋
31,荏原町
32,旗の台
33,西小山
34,武蔵小山
35,大井町
36,豊洲
37,月島
38,晴海(勝どき)
39,清澄白河
40,門前仲町
41,北千住
42,三鷹
43,吉祥寺
44,荻窪
45,阿佐ヶ谷
46,中野
47,笹塚
48,下北沢
49,経堂
50,千歳船橋
51,桜新町
52,用賀
53,都立大学
54,祐天寺
55,池尻大橋
56,浜田山
57,永福町
58,久我山
59,仙川
60,成増
61,練馬
62,石神井公園
63,赤羽
64,王子
65,日暮里
66,蔵前
67,人形町
68,浜町
69,築地
70,芝浦アイランド(田町)
71,練馬春日町
72,光が丘
73,高井戸
74,方南町
75,新中野
76,東中野
77,西荻窪
78,上石神井
79,鷺ノ宮
80,江古田
81,千駄木
82,根津
83,谷中(日暮里)
84,森下
85,菊川
86,木場
87,東陽町
88,西葛西
89,葛西
90,瑞江
91,船堀
92,青物横丁
93,立会川
94,蒲田
95,京急蒲田
96,池上
97,雪が谷大塚
98,御嶽山
99,石川台
100,洗足
101,戸越銀座
