rank,station_name
SS,麻布十番
SS,広尾
SS,赤坂
SS,神泉
SS,代官山
SS,市ヶ谷
SS,代々木上原
SS,表参道
SS,白金台
SS,恵比寿
SS,麹町
SS,神楽坂
SS,青山一丁目
SS,千駄ヶ谷
SS,中目黒
SS,白金高輪
S,目黒
S,四ツ谷
S,茗荷谷
S,本郷三丁目
S,飯田橋
S,三田
S,高輪台
S,御茶ノ水
S,浜松町
S,代々木
P,西小山
P,不動前
P,大岡山
P,戸越公園
P,中延
P,西大井
P,馬込
P,西馬込
P,祐天寺
P,世田谷代田
P,経堂
P,千歳船橋
P,笹塚
P,桜上水
P,東中野
P,中野
P,阿佐ヶ谷
P,西荻窪
P,練馬
P,江古田
P,石神井公園
P,王子
P,駒込
P,田端
P,北千住
P,豊洲
P,有明
P,新浦安
P,武蔵浦和
P,流山おおたかの森
P,築地
P,京急蒲田
A,自由が丘
A,二子玉川
A,奥沢
A,洗足
A,荏原中延
A,武蔵小山
A,学芸大学
A,都立大学
A,初台
A,幡ヶ谷
A,荻窪
A,浜田山
A,永福町
A,明大前
A,豪徳寺
A,池尻大橋
A,駒場東大前
A,巣鴨
A,大塚
A,西巣鴨
A,目白
A,中井
A,上野毛
A,等々力
A,成城学園前
B,荏原町
B,旗の台
B,桜新町
B,用賀
B,祖師ヶ谷大蔵
B,仙川
B,調布
B,大泉学園
B,吉祥寺
B,三鷹
B,武蔵境
B,国分寺
B,国立
B,立川
B,府中
B,多摩川
B,田園調布
B,雪が谷大塚
B,御嶽山
B,久が原
B,池上
B,西府
B,尾山台
B,九品仏
B,勝どき
